"GeneIDs"	"GL_LPV"	"Corr. GL_LPV"	"Healthy_fem"	"Infected_fem"
"Pmin_ref_seq_567"	300	297.580609541028	1	-1
"Pmin_ref_seq_854"	300	297.580609541028	1	-1
"Pmin_ref_seq_2745"	300	297.580609541028	1	-1
"Pmin_ref_seq_2969"	300	297.580609541028	1	-1
"Pmin_ref_seq_3547"	300	297.580609541028	1	-1
"Pmin_ref_seq_5005"	300	297.580609541028	1	-1
"Pmin_ref_seq_5101"	300	297.580609541028	1	-1
"Pmin_ref_seq_5303"	300	297.580609541028	1	-1
"Pmin_ref_seq_5432"	300	297.580609541028	1	-1
"Pmin_ref_seq_5794"	300	297.580609541028	1	-1
"Pmin_ref_seq_5875"	300	297.580609541028	1	-1
"Pmin_ref_seq_6420"	300	297.580609541028	1	-1
"Pmin_ref_seq_6731"	300	297.580609541028	1	-1
"Pmin_ref_seq_7680"	300	297.580609541028	1	-1
"Pmin_ref_seq_7734"	300	297.580609541028	1	-1
"Pmin_ref_seq_8172"	300	297.580609541028	1	-1
"Pmin_ref_seq_8371"	300	297.580609541028	1	-1
"Pmin_ref_seq_8618"	300	297.580609541028	1	-1
"Pmin_ref_seq_8628"	300	297.580609541028	1	-1
"Pmin_ref_seq_8837"	300	297.580609541028	1	-1
"Pmin_ref_seq_9568"	300	297.580609541028	1	-1
"Pmin_ref_seq_9677"	300	297.580609541028	1	-1
"Pmin_ref_seq_6710"	283.88999376702	281.524288167011	1	-1
"Pmin_ref_seq_5238"	275.978144678689	273.632183136875	1	-1
"Pmin_ref_seq_6941"	265.496347845623	263.16927164797	1	-1
"Pmin_ref_seq_8580"	258.864972216808	256.547039398595	1	-1
"Pmin_ref_seq_9980"	249.755608147423	247.45540409617	1	-1
"Pmin_ref_seq_6269"	222.08445920932	219.817678913555	1	-1
"Pmin_ref_seq_2773"	214.642283996599	212.391297968016	1	-1
"Pmin_ref_seq_5090"	214.38138999892	212.138090799004	1	-1
"Pmin_ref_seq_7526"	210.21781189581	207.989489851864	1	-1
"Pmin_ref_seq_8165"	201.831193036206	199.617348815628	1	-1
"Pmin_ref_seq_8264"	199.234946046551	197.041951964946	1	-1
"Pmin_ref_seq_6002"	198.843136668205	196.656875969259	1	-1
"Pmin_ref_seq_4923"	197.360952902069	195.187853649181	1	-1
"Pmin_ref_seq_7498"	194.225007593927	192.064682629075	1	-1
"Pmin_ref_seq_8201"	189.731993281333	187.577917265759	1	-1
"Pmin_ref_seq_543"	184.658829856533	182.516988297376	1	-1
"Pmin_ref_seq_8908"	180.911481958583	178.775630763115	1	-1
"Pmin_ref_seq_8508"	176.094895086305	173.964952750447	1	-1
"Pmin_ref_seq_9678"	175.546254234808	173.4278937715	1	-1
"Pmin_ref_seq_9621"	168.292883518145	166.191336553847	1	-1
"Pmin_ref_seq_1123"	164.320742007447	162.230052970737	1	-1
"Pmin_ref_seq_7776"	162.226691196445	160.146595233233	1	-1
"Pmin_ref_seq_4060"	156.24313846662	154.168243697093	1	-1
"Pmin_ref_seq_6552"	152.60292367128	150.543268868311	1	-1
"Pmin_ref_seq_9953"	147.164707363364	145.124574700096	1	-1
"Pmin_ref_seq_6485"	144.979206928681	142.943820700438	1	-1
"Pmin_ref_seq_7783"	144.675915833928	142.645224726894	1	-1
"Pmin_ref_seq_3873"	142.881784087423	140.855737885434	1	-1
"Pmin_ref_seq_5102"	129.667114689103	127.663575828112	1	-1
"Pmin_ref_seq_7802"	129.496688636852	127.497514581264	1	-1
"Pmin_ref_seq_9906"	123.11981314904	121.141828392522	1	-1
"Pmin_ref_seq_6729"	119.335217134826	117.369466834724	1	-1
"Pmin_ref_seq_6631"	113.043383691248	111.097288079143	1	-1
"Pmin_ref_seq_4288"	112.991057553274	111.048788349022	1	-1
"Pmin_ref_seq_5612"	109.113872412007	107.190245317811	1	-1
"Pmin_ref_seq_5673"	107.61789916794	105.701510482668	1	-1
"Pmin_ref_seq_799"	104.696438853744	102.787169909595	1	-1
"Pmin_ref_seq_6284"	102.705315324434	100.809944989802	1	-1
"Pmin_ref_seq_9693"	98.1298905135938	96.2545680989724	1	-1
"Pmin_ref_seq_3794"	96.2101655670857	94.3477120786536	1	-1
"Pmin_ref_seq_1115"	96.0861582665751	94.2268632973879	1	-1
"Pmin_ref_seq_4695"	94.8593373456894	93.003178090355	1	-1
"Pmin_ref_seq_8675"	94.7479012937439	92.8948552738337	1	-1
"Pmin_ref_seq_7394"	90.4964975765836	88.6616763767795	1	-1
"Pmin_ref_seq_8821"	87.9857947845647	86.1539380637244	1	-1
"Pmin_ref_seq_2001"	87.5991394491101	85.7731516619339	1	-1
"Pmin_ref_seq_411"	85.7900950638546	83.9727645962109	1	-1
"Pmin_ref_seq_4509"	82.2527510370058	80.4467015797718	1	-1
"Pmin_ref_seq_6504"	79.2200215984807	77.4356913909399	1	-1
"Pmin_ref_seq_2106"	78.8562266223571	77.0745365109826	1	-1
"Pmin_ref_seq_6694"	78.5089150023649	76.7298490348165	1	-1
"Pmin_ref_seq_2875"	77.6514612955691	75.8775965217065	1	-1
"Pmin_ref_seq_3007"	77.0343211007645	75.2630337497897	1	-1
"Pmin_ref_seq_297"	75.7838689881523	74.0151438539421	1	-1
"Pmin_ref_seq_2917"	74.3054356269708	72.5517742391965	1	-1
"Pmin_ref_seq_6328"	73.816599521925	72.0653987326983	1	-1
"Pmin_ref_seq_4441"	71.562685791108	69.8211903103887	1	-1
"Pmin_ref_seq_5467"	71.2162453299743	69.4771426623709	1	-1
"Pmin_ref_seq_61"	70.2994864436501	68.5721539945981	1	-1
"Pmin_ref_seq_4139"	68.2903023822635	66.5721616939228	1	-1
"Pmin_ref_seq_465"	67.3924346799668	65.6832952357408	1	-1
"Pmin_ref_seq_3829"	66.8883380919046	65.1836302624777	1	-1
"Pmin_ref_seq_835"	65.6547487175057	63.9587707193377	1	-1
"Pmin_ref_seq_9702"	62.7661947622078	61.0871669927303	1	-1
"Pmin_ref_seq_6168"	60.2492532050899	58.58653888335	1	-1
"Pmin_ref_seq_7983"	58.8527727786744	57.194042837926	1	-1
"Pmin_ref_seq_9766"	54.2207533804895	52.5851913047931	1	-1
"Pmin_ref_seq_5977"	52.4811639716797	50.8622011578028	1	-1
"Pmin_ref_seq_7715"	49.7454045268562	48.1424298183634	1	0
"Pmin_ref_seq_7679"	49.3846544992601	47.7868809844531	1	-1
"Pmin_ref_seq_4843"	48.4587574815391	46.8728831900319	1	-1
"Pmin_ref_seq_6466"	47.5037239596369	45.9261538309183	1	-1
"Pmin_ref_seq_5713"	45.5560821009068	43.993070692359	1	-1
"Pmin_ref_seq_6046"	45.1496513701551	43.5913863966318	1	-1
"Pmin_ref_seq_5071"	44.5581430613996	43.0030138017292	1	-1
"Pmin_ref_seq_4357"	43.5179617372923	41.9721060217509	1	-1
"Pmin_ref_seq_5726"	43.3040937444156	41.7643121765863	1	-1
"Pmin_ref_seq_4663"	42.2984353136099	40.7646441094698	1	0
"Pmin_ref_seq_2393"	42.0224366889634	40.4916099637871	1	-1
"Pmin_ref_seq_2922"	41.7356763655094	40.2092587592381	1	-1
"Pmin_ref_seq_4277"	39.4127059294738	37.9076864679038	1	-1
"Pmin_ref_seq_2189"	37.7222466587509	36.233617613369	1	-1
"Pmin_ref_seq_6065"	37.3870938592193	35.9024675562911	1	-1
"Pmin_ref_seq_2945"	37.3753689147062	35.8920687028293	1	-1
"Pmin_ref_seq_9751"	36.7987086742587	35.3206727023743	1	-1
"Pmin_ref_seq_5264"	36.3560700706132	34.8806424818363	1	-1
"Pmin_ref_seq_3936"	35.5026872607718	34.0311431060546	1	-1
"Pmin_ref_seq_5064"	35.3461750507844	33.8759176954736	1	-1
"Pmin_ref_seq_8808"	35.3391935071588	33.8702191497733	1	-1
"Pmin_ref_seq_9716"	35.0554786021049	33.5890589255089	1	-1
"Pmin_ref_seq_4678"	35.0314034333412	33.5662554838088	1	-1
"Pmin_ref_seq_131"	34.6242347676622	33.162879807147	1	-1
"Pmin_ref_seq_1984"	34.3934718494755	32.9358770378336	1	-1
"Pmin_ref_seq_3615"	33.6897035529425	32.2370721608322	1	-1
"Pmin_ref_seq_9665"	33.2279299892326	31.7765306390319	1	-1
"Pmin_ref_seq_6011"	32.9491793332092	31.5014552755936	1	-1
"Pmin_ref_seq_2594"	32.8900216177067	31.4435157782304	1	-1
"Pmin_ref_seq_7788"	31.7146681846592	30.2777869935272	1	-1
"Pmin_ref_seq_421"	31.6899712339067	30.2542782637126	1	-1
"Pmin_ref_seq_779"	31.6664465878866	30.2319385965502	1	-1
"Pmin_ref_seq_5302"	31.2515657585429	29.8194180691134	1	-1
"Pmin_ref_seq_1642"	30.4370052452362	29.0107027918482	1	-1
"Pmin_ref_seq_2981"	29.7679416107031	28.3485511517314	1	-1
"Pmin_ref_seq_227"	29.4336839589547	28.0199706328747	1	-1
"Pmin_ref_seq_9125"	29.1397478790368	27.72716112812	1	-1
"Pmin_ref_seq_5089"	28.7557396262823	27.3476301777203	1	-1
"Pmin_ref_seq_6474"	28.3071637949655	26.9034859612026	1	-1
"Pmin_ref_seq_8677"	28.2158552837331	26.8132783237711	1	-1
"Pmin_ref_seq_9436"	28.0608240367869	26.6593451671239	1	-1
"Pmin_ref_seq_9477"	27.4456313746048	26.0485173103442	1	-1
"Pmin_ref_seq_5691"	26.9570145211764	25.563145511729	1	-1
"Pmin_ref_seq_5746"	26.2970875327654	24.91281069321	1	-1
"Pmin_ref_seq_9682"	26.1707928847584	24.7886191702908	1	-1
"Pmin_ref_seq_8824"	25.9146757638467	24.5356377632319	1	-1
"Pmin_ref_seq_5185"	25.6305324721584	24.2546077069678	1	-1
"Pmin_ref_seq_2421"	24.3284932102132	22.9637964247854	1	-1
"Pmin_ref_seq_3001"	24.2304706767789	22.8677845175437	1	-1
"Pmin_ref_seq_768"	24.1009626154107	22.7392782893347	1	0
"Pmin_ref_seq_2602"	23.8917377590486	22.5320501927287	1	-1
"Pmin_ref_seq_5795"	23.5682495566649	22.2135140905442	1	-1
"Pmin_ref_seq_1013"	23.4685504536251	22.1147986673857	1	-1
"Pmin_ref_seq_7286"	23.3325693494683	21.9817553048608	1	-1
"Pmin_ref_seq_3378"	23.2033738235524	21.8545072910958	1	-1
"Pmin_ref_seq_4713"	23.05481743404	21.7088558922269	1	-1
"Pmin_ref_seq_936"	22.8363893736023	21.495226714671	1	-1
"Pmin_ref_seq_6687"	22.7465893715162	21.4063801585921	1	-1
"Pmin_ref_seq_592"	22.6336240140543	21.2953154364696	1	-1
"Pmin_ref_seq_1113"	22.3828334902075	21.049240425637	1	-1
"Pmin_ref_seq_3658"	22.2503046281691	20.9204474531467	1	0
"Pmin_ref_seq_271"	22.1661116788825	20.8371834763681	1	-1
"Pmin_ref_seq_4610"	21.5632181149297	20.2443795727558	1	-1
"Pmin_ref_seq_5854"	21.4077021584054	20.0915751410558	1	-1
"Pmin_ref_seq_6276"	21.2835021436419	19.9682752188049	1	-1
"Pmin_ref_seq_6225"	21.2773264633608	19.9629977694167	1	-1
"Pmin_ref_seq_6647"	20.9635784007735	19.6546004252135	1	-1
"Pmin_ref_seq_6758"	20.9176817312889	19.6104727784678	1	-1
"Pmin_ref_seq_1958"	20.5872223418367	19.2826534851818	1	-1
"Pmin_ref_seq_5862"	20.550730797288	19.2470384181897	1	-1
"Pmin_ref_seq_9967"	20.13562798353	18.8362916538088	1	-1
"Pmin_ref_seq_1050"	20.1211739411103	18.8227036026669	1	-1
"Pmin_ref_seq_6335"	19.404794430311	18.1140412748572	1	-1
"Pmin_ref_seq_4427"	18.7366804120466	17.4551768594604	1	-1
"Pmin_ref_seq_2329"	18.6349581694052	17.3559434172227	1	-1
"Pmin_ref_seq_4658"	18.6163756635408	17.3381873521061	1	-1
"Pmin_ref_seq_9728"	18.5821664090186	17.3056262759639	1	-1
"Pmin_ref_seq_2640"	18.5665239522251	17.2908055686718	1	-1
"Pmin_ref_seq_8518"	18.4441986888637	17.169300502876	1	-1
"Pmin_ref_seq_1577"	18.3706379955634	17.0990051970035	1	-1
"Pmin_ref_seq_5250"	18.1797304156787	16.9129501199132	1	-1
"Pmin_ref_seq_8337"	18.1546821655448	16.8895073964947	1	-1
"Pmin_ref_seq_6651"	18.1186223934286	16.854248167429	1	-1
"Pmin_ref_seq_703"	17.9693198292725	16.7065422759607	1	-1
"Pmin_ref_seq_9958"	17.8151187885867	16.55709633185	1	-1
"Pmin_ref_seq_4659"	17.7814011894003	16.5259603900416	1	-1
"Pmin_ref_seq_5804"	17.7072612508855	16.4539423904708	1	-1
"Pmin_ref_seq_6295"	17.6016389715391	16.3506529429568	1	-1
"Pmin_ref_seq_5590"	17.2200971498729	15.9745061531774	1	-1
"Pmin_ref_seq_5177"	17.1012435323295	15.856417812452	1	-1
"Pmin_ref_seq_5797"	17.0005138550328	15.7587358282374	1	0
"Pmin_ref_seq_5831"	16.5392714385295	15.3042735153314	1	-1
"Pmin_ref_seq_9965"	16.4587019111826	15.224450840244	1	-1
"Pmin_ref_seq_8681"	16.1301578470558	14.9010990862544	1	-1
"Pmin_ref_seq_1564"	15.6593221553748	14.4361224309157	1	-1
"Pmin_ref_seq_9920"	15.1726497265036	13.958092963548	1	-1
"Pmin_ref_seq_2563"	14.8338600797816	13.6221464987116	1	-1
"Pmin_ref_seq_8206"	14.5367145540574	13.3278256625022	1	-1
"Pmin_ref_seq_6809"	14.2987015076926	13.0940154987633	1	-1
"Pmin_ref_seq_4219"	14.2971343539217	13.0931448880157	1	-1
"Pmin_ref_seq_4161"	14.0106314345963	12.8121744572902	1	-1
"Pmin_ref_seq_8453"	13.9928538162815	12.7950834707104	1	-1
"Pmin_ref_seq_4957"	13.7714501932191	12.5798111656994	1	-1
"Pmin_ref_seq_5768"	13.698880722648	12.5085925344194	1	-1
"Pmin_ref_seq_2782"	13.4475447504254	12.2619516834051	1	-1
"Pmin_ref_seq_5331"	13.2555338836151	12.0745857216406	1	-1
"Pmin_ref_seq_2650"	13.2259663164715	12.0463361964249	1	-1
"Pmin_ref_seq_3623"	13.1946645569487	12.017004029765	1	-1
"Pmin_ref_seq_8733"	13.0755027372585	11.9004545155866	1	-1
"Pmin_ref_seq_526"	13.0374141096071	11.8643229705686	1	-1
"Pmin_ref_seq_8326"	12.9663435700699	11.7945387875352	1	-1
"Pmin_ref_seq_437"	12.8828462008899	11.7123320418368	1	-1
"Pmin_ref_seq_1523"	12.829856288567	11.6599860058096	1	-1
"Pmin_ref_seq_9681"	12.7978447322454	11.6299003705239	1	-1
"Pmin_ref_seq_8315"	12.728747639169	11.5627206954933	1	-1
"Pmin_ref_seq_7683"	12.6560850270732	11.4926015429772	1	-1
"Pmin_ref_seq_5668"	12.4241209865773	11.2631661528964	1	-1
"Pmin_ref_seq_122"	12.4048724312258	11.2464316102492	1	-1
"Pmin_ref_seq_5792"	12.3654074713018	11.2082182203035	1	-1
"Pmin_ref_seq_8420"	12.2986631380658	11.1433445051004	1	-1
"Pmin_ref_seq_3335"	12.2911422237324	11.1370662081581	1	-1
"Pmin_ref_seq_6690"	12.0160432700599	10.8676081306403	1	0
"Pmin_ref_seq_9724"	11.9174555910925	10.7719797472802	1	0
"Pmin_ref_seq_6082"	11.8755288820079	10.7324792706618	1	-1
"Pmin_ref_seq_9600"	11.8718994819818	10.7294543167762	1	-1
"Pmin_ref_seq_2068"	11.7536492355656	10.6142137461742	1	-1
"Pmin_ref_seq_2817"	11.6373688693759	10.5009223421054	1	-1
"Pmin_ref_seq_8314"	11.5802868172271	10.444435621759	1	-1
"Pmin_ref_seq_6296"	11.4545087059592	10.3204386250118	1	-1
"Pmin_ref_seq_1118"	11.4523371829448	10.3188591872724	1	-1
"Pmin_ref_seq_5107"	11.3044405456964	10.173322851931	1	-1
"Pmin_ref_seq_2930"	11.2798887382217	10.1504510887158	1	-1
"Pmin_ref_seq_4770"	11.2181375156798	10.0899522738519	1	-1
"Pmin_ref_seq_3385"	11.1914568487883	10.0640531278267	1	-1
"Pmin_ref_seq_3305"	11.0893834105394	9.9664271955426	1	-1
"Pmin_ref_seq_6662"	10.9694044395954	9.84989958963899	1	-1
"Pmin_ref_seq_6862"	10.9147236380831	9.79896281859546	1	-1
"Pmin_ref_seq_1856"	10.9053892325969	9.79101054095738	1	-1
"Pmin_ref_seq_6709"	10.8257363226518	9.71530322774621	1	-1
"Pmin_ref_seq_4135"	10.6378848195331	9.53191751700446	1	-1
"Pmin_ref_seq_1961"	10.5428667797905	9.43966745656103	1	-1
"Pmin_ref_seq_386"	10.1488590292198	9.05602001543643	1	0
"Pmin_ref_seq_3988"	10.0589329256083	8.96717023079444	1	0
"Pmin_ref_seq_5296"	10.0052741522369	8.91512095085956	1	-1
"Pmin_ref_seq_2736"	9.93218159279025	8.84309808279584	1	-1
"Pmin_ref_seq_7826"	9.90501180510628	8.81752790827166	1	-1
"Pmin_ref_seq_6723"	9.76508939209379	8.68078715404536	1	-1
"Pmin_ref_seq_4541"	9.74572299865759	8.66194877828138	1	-1
"Pmin_ref_seq_6488"	9.69724658171591	8.61452647467735	1	-1
"Pmin_ref_seq_5876"	9.56685689430911	8.4867609310967	1	-1
"Pmin_ref_seq_1524"	9.38860966598805	8.31526318502431	1	-1
"Pmin_ref_seq_3000"	9.19616585131929	8.12794082689833	1	-1
"Pmin_ref_seq_6498"	9.03404213492907	7.96987123079424	1	-1
"Pmin_ref_seq_6585"	8.99102870764057	7.92836839453097	1	-1
"Pmin_ref_seq_8381"	8.82982114940594	7.77166133752303	1	-1
"Pmin_ref_seq_4004"	8.81476627280722	7.75760027024105	1	-1
"Pmin_ref_seq_3780"	8.79604949424451	7.74036995456213	1	0
"Pmin_ref_seq_7632"	8.72969916894677	7.67746838405611	1	-1
"Pmin_ref_seq_6308"	8.62269701750287	7.57583097157651	1	-1
"Pmin_ref_seq_1800"	8.55208449315639	7.50715294700723	1	-1
"Pmin_ref_seq_4953"	8.51758307592193	7.47409677064695	1	-1
"Pmin_ref_seq_7797"	8.43571666358696	7.39510649122045	1	0
"Pmin_ref_seq_8884"	8.40119510533346	7.36153942671798	1	-1
"Pmin_ref_seq_8041"	8.37326299594397	7.33455971788979	1	-1
"Pmin_ref_seq_8577"	8.36840200148927	7.33017414163461	1	-1
"Pmin_ref_seq_1977"	8.29250507089091	7.25570035097244	1	-1
"Pmin_ref_seq_8803"	8.19699978312908	7.1649054616851	1	-1
"Pmin_ref_seq_848"	8.12071660110209	7.09235415638612	1	-1
"Pmin_ref_seq_6169"	8.1013644151234	7.07346620827302	1	0
"Pmin_ref_seq_5105"	8.01936851705526	6.99516645576484	1	-1
"Pmin_ref_seq_5278"	7.94695782817418	6.92642072097017	1	-1
"Pmin_ref_seq_1743"	7.7908852952846	6.77713771377911	1	-1
"Pmin_ref_seq_9781"	7.72182097351769	6.70941865219545	1	-1
"Pmin_ref_seq_710"	7.6974975296273	6.68598973896509	1	-1
"Pmin_ref_seq_9683"	7.68112843903604	6.67051334032617	1	-1
"Pmin_ref_seq_6387"	7.61035913173772	6.60196776795237	1	-1
"Pmin_ref_seq_9178"	7.5686727479117	6.56161018011017	1	0
"Pmin_ref_seq_7810"	7.54691163327329	6.54073267611615	1	-1
"Pmin_ref_seq_4092"	7.44958068994328	6.44560292595197	1	-1
"Pmin_ref_seq_2889"	7.35706141415746	6.35745284679496	1	-1
"Pmin_ref_seq_8175"	7.35467359475852	6.35593361664935	1	-1
"Pmin_ref_seq_8575"	7.28540248859923	6.28968896512025	1	-1
"Pmin_ref_seq_3316"	7.20640918947764	6.21370117613838	1	-1
"Pmin_ref_seq_2620"	7.20518420457623	6.21290385693564	1	-1
"Pmin_ref_seq_9711"	7.14317255140482	6.15302423790325	1	-1
"Pmin_ref_seq_5723"	7.12632549711205	6.13702707523572	1	-1
"Pmin_ref_seq_6283"	7.11204631484924	6.12334630834236	1	-1
"Pmin_ref_seq_5703"	7.02606587508354	6.04099214101468	1	-1
"Pmin_ref_seq_6143"	7.00946919132975	6.02565489115048	1	-1
"Pmin_ref_seq_5286"	6.99753255654043	6.01413725734099	1	-1
"Pmin_ref_seq_2339"	6.93818715455508	5.95771359763284	1	0
"Pmin_ref_seq_8266"	6.7634027384838	5.79117031085435	1	-1
"Pmin_ref_seq_3002"	6.71507944696152	5.74528916905825	1	-1
"Pmin_ref_seq_3167"	6.68190622811527	5.71373645389033	1	-1
"Pmin_ref_seq_8189"	6.65559736400679	5.68863901171629	1	-1
"Pmin_ref_seq_8576"	6.65093358679536	5.68437829205759	1	-1
"Pmin_ref_seq_1338"	6.55262144643752	5.59167002921776	1	-1
"Pmin_ref_seq_8323"	6.5145487622781	5.55558133426433	1	-1
"Pmin_ref_seq_2765"	6.49336809813846	5.53598136152173	1	-1
"Pmin_ref_seq_6481"	6.42519545585035	5.46859691270206	1	-1
"Pmin_ref_seq_9800"	6.41422995188751	5.45841817432016	1	-1
"Pmin_ref_seq_8302"	6.39033819465001	5.43609568521068	1	-1
"Pmin_ref_seq_3472"	6.33099764806877	5.37948778708184	1	-1
"Pmin_ref_seq_5803"	6.26498043162416	5.31695889848306	1	-1
"Pmin_ref_seq_6472"	6.25729774232036	5.31004760277799	1	-1
"Pmin_ref_seq_6399"	6.15189821673657	5.20962901248455	1	-1
"Pmin_ref_seq_6465"	6.1025977819258	5.16298714423859	1	-1
"Pmin_ref_seq_2410"	6.09560084404123	5.1563686765147	1	-1
"Pmin_ref_seq_5739"	6.09035137210974	5.15187515687486	1	-1
"Pmin_ref_seq_572"	6.03453153318687	5.10168340296043	1	0
"Pmin_ref_seq_9736"	6.03248982909451	5.10001432392901	1	-1
"Pmin_ref_seq_5042"	5.96762701477275	5.04033496649039	1	-1
"Pmin_ref_seq_6721"	5.91946382489223	4.99437445833198	1	-1
"Pmin_ref_seq_3740"	5.77292281561875	4.85329176743317	1	-1
"Pmin_ref_seq_8875"	5.7642339963316	4.84532556808296	1	-1
"Pmin_ref_seq_1976"	5.75986530623774	4.84167829756014	1	-1
"Pmin_ref_seq_6764"	5.68099278500828	4.76817856009454	1	-1
"Pmin_ref_seq_6392"	5.66812921808766	4.75744563268158	1	-1
"Pmin_ref_seq_9145"	5.63101808684752	4.72210208419036	1	-1
"Pmin_ref_seq_2278"	5.57080442973361	4.66470168052119	1	-1
"Pmin_ref_seq_2624"	5.53682377393242	4.63247009869873	1	-1
"Pmin_ref_seq_7791"	5.46426211018279	4.56303912558845	1	0
"Pmin_ref_seq_8443"	5.436438780423	4.53625436423569	1	-1
"Pmin_ref_seq_7775"	5.41492860270777	4.51549990879191	1	0
"Pmin_ref_seq_8214"	5.39265108702242	4.49488038198926	1	-1
"Pmin_ref_seq_2820"	5.31917759282541	4.42585421162206	1	0
"Pmin_ref_seq_390"	5.27881490901286	4.38854398109169	1	0
"Pmin_ref_seq_6541"	5.23298967298168	4.34373148041699	1	0
"Pmin_ref_seq_2514"	5.21009778168431	4.32218623975489	1	-1
"Pmin_ref_seq_5664"	5.20430268494816	4.31748536473186	1	-1
"Pmin_ref_seq_9625"	5.10449186735078	4.22225745831305	1	-1
"Pmin_ref_seq_586"	5.06279932501922	4.1838700649771	1	-1
"Pmin_ref_seq_726"	5.05402674851378	4.17575551053982	1	-1
"Pmin_ref_seq_6602"	4.99881179085053	4.12348937622913	1	-1
"Pmin_ref_seq_6557"	4.97446191577625	4.10076912588836	1	-1
"Pmin_ref_seq_6519"	4.89993009500033	4.03278676129146	1	-1
"Pmin_ref_seq_1234"	4.89787873847306	4.03192413961707	1	-1
"Pmin_ref_seq_7543"	4.89053698157747	4.02554003356575	1	-1
"Pmin_ref_seq_5741"	4.88118231671194	4.01714091250023	1	-1
"Pmin_ref_seq_3858"	4.88078821455554	4.01706485831257	1	-1
"Pmin_ref_seq_3501"	4.8630936412068	4.00032303375231	1	-1
"Pmin_ref_seq_5750"	4.83736532693014	3.97586180857841	1	-1
"Pmin_ref_seq_8184"	4.82988987334456	3.9687025504796	1	-1
"Pmin_ref_seq_6478"	4.79519351558466	3.93526867756778	1	-1
"Pmin_ref_seq_6489"	4.72219322102254	3.86446893883453	1	-1
"Pmin_ref_seq_6013"	4.65437100978356	3.80070412560473	1	-1
"Pmin_ref_seq_864"	4.65120147008807	3.79784512899141	1	-1
"Pmin_ref_seq_535"	4.61622070838803	3.76626576545492	1	-1
"Pmin_ref_seq_8204"	4.59499191240909	3.74565255353639	1	-1
"Pmin_ref_seq_9688"	4.57815777848384	3.72943313235623	1	-1
"Pmin_ref_seq_740"	4.57430071863362	3.7264965132926	1	0
"Pmin_ref_seq_1204"	4.55490427498228	3.70832429732127	1	-1
"Pmin_ref_seq_5859"	4.55445709055989	3.70818263136516	1	-1
"Pmin_ref_seq_671"	4.54747563049496	3.70150647499076	1	-1
"Pmin_ref_seq_1295"	4.5327068959568	3.68704282966915	1	-1
"Pmin_ref_seq_3066"	4.40584331866279	3.57042678705626	1	-1
"Pmin_ref_seq_3082"	4.39005428334675	3.5558276003801	1	-1
"Pmin_ref_seq_7581"	4.38963488270371	3.55570515324054	1	-1
"Pmin_ref_seq_749"	4.3633073443064	3.53233603556054	1	-1
"Pmin_ref_seq_2701"	4.33218226213335	3.50326992193982	1	-1
"Pmin_ref_seq_4266"	4.32050365391994	3.4936405668534	1	0
"Pmin_ref_seq_1148"	4.299857485185	3.47590522993956	1	0
"Pmin_ref_seq_9717"	4.20972158543189	3.39239111778818	1	0
"Pmin_ref_seq_2725"	4.19515488522166	3.37896579663675	1	-1
"Pmin_ref_seq_261"	4.16682673191421	3.35262786702398	1	-1
"Pmin_ref_seq_8566"	4.10357604464275	3.29445340681347	1	-1
"Pmin_ref_seq_6228"	4.09166975042817	3.2836634309883	1	-1
"Pmin_ref_seq_9695"	4.08244551814371	3.27472247702012	1	0
"Pmin_ref_seq_4748"	4.05418265044699	3.24924534358233	1	0
"Pmin_ref_seq_6333"	4.05134999875033	3.24669028504432	1	-1
"Pmin_ref_seq_7694"	4.04122154544943	3.23683924758287	1	-1
"Pmin_ref_seq_5721"	3.94514076491283	3.14818248512547	1	-1
"Pmin_ref_seq_6456"	3.90608380414279	3.11021466469279	1	-1
"Pmin_ref_seq_2064"	3.8908769920698	3.09527971145929	1	0
"Pmin_ref_seq_4179"	3.85132563082464	3.05843761964859	1	-1
"Pmin_ref_seq_441"	3.84195250039672	3.05095097147536	1	-1
"Pmin_ref_seq_4897"	3.82527157308942	3.03565853580593	1	-1
"Pmin_ref_seq_837"	3.81898516803209	3.03093165370166	1	-1
"Pmin_ref_seq_6588"	3.80164772937779	3.01519382820714	1	-1
"Pmin_ref_seq_2838"	3.78716767021912	3.00204229404257	1	-1
"Pmin_ref_seq_3183"	3.77653687414734	2.99194177212935	1	-1
"Pmin_ref_seq_7594"	3.73367233179525	2.95250831919113	1	-1
"Pmin_ref_seq_7808"	3.70930185969603	2.93049743655894	1	0
"Pmin_ref_seq_9749"	3.67337905557436	2.89744127308887	1	0
"Pmin_ref_seq_8369"	3.66769496928191	2.89279492798768	1	-1
"Pmin_ref_seq_3095"	3.66640634371149	2.8917653507291	1	0
"Pmin_ref_seq_486"	3.64871194639293	2.87624174218003	1	-1
"Pmin_ref_seq_5295"	3.61822910163256	2.84845258195669	1	0
"Pmin_ref_seq_5461"	3.61820078962448	2.84845258195669	1	-1
"Pmin_ref_seq_2219"	3.5875665830643	2.82037155430732	1	-1
"Pmin_ref_seq_9944"	3.58512561821067	2.81818508373692	1	0
"Pmin_ref_seq_8166"	3.57788358180928	2.81154112674151	1	-1
"Pmin_ref_seq_5186"	3.52161575896317	2.76098959105601	1	-1
"Pmin_ref_seq_8289"	3.4723646814868	2.71448801300831	1	-1
"Pmin_ref_seq_8501"	3.46992571675333	2.71254709246004	1	-1
"Pmin_ref_seq_6535"	3.44054815070502	2.68737999919256	1	0
"Pmin_ref_seq_8689"	3.43891878092571	2.68624330613302	1	-1
"Pmin_ref_seq_673"	3.42565411342925	2.67420789075049	1	0
"Pmin_ref_seq_8262"	3.41822695399811	2.6672714595997	1	-1
"Pmin_ref_seq_3380"	3.39557724026546	2.64731088437783	1	-1
"Pmin_ref_seq_9460"	3.34542270411519	2.60272585476838	1	-1
"Pmin_ref_seq_8200"	3.32905294337214	2.58827669187917	1	-1
"Pmin_ref_seq_4612"	3.31636716151014	2.57821793991405	1	-1
"Pmin_ref_seq_2404"	3.2935721641535	2.55779743989902	1	-1
"Pmin_ref_seq_1692"	3.27861707725742	2.54426084467847	1	0
"Pmin_ref_seq_8438"	3.25848202542996	2.52718338916037	1	0
"Pmin_ref_seq_2972"	3.2537546046717	2.52292446303428	1	-1
"Pmin_ref_seq_7563"	3.24902869570365	2.51866654385495	1	-1
"Pmin_ref_seq_3766"	3.2393699095212	2.5111074933432	1	-1
"Pmin_ref_seq_1647"	3.2389581149027	2.51092837726329	1	0
"Pmin_ref_seq_7832"	3.23361017247122	2.50602794489562	1	0
"Pmin_ref_seq_8578"	3.21517807123677	2.48923684969133	1	-1
"Pmin_ref_seq_2691"	3.2016168076093	2.47683154757119	1	-1
"Pmin_ref_seq_5842"	3.19763354920577	2.47354039207414	1	0
"Pmin_ref_seq_7617"	3.19323354431206	2.46976783710346	1	0
"Pmin_ref_seq_8170"	3.19017595949316	2.46750079315842	1	-1
"Pmin_ref_seq_8846"	3.18998331990187	2.46750079315842	1	0
"Pmin_ref_seq_8359"	3.17220465337365	2.45155556252219	1	-1
"Pmin_ref_seq_6268"	3.1707158639283	2.45048839649894	1	0
"Pmin_ref_seq_5817"	3.16726004676079	2.44810016791055	1	0
"Pmin_ref_seq_7757"	3.16473833426544	2.44614264904504	1	-1
"Pmin_ref_seq_5870"	3.14941829724004	2.43195921167885	1	-1
"Pmin_ref_seq_1360"	3.13585885727629	2.4208898693896	1	0
"Pmin_ref_seq_5209"	3.10183055477546	2.39135275977724	1	-1
"Pmin_ref_seq_618"	3.0979191948341	2.38811109076564	1	-1
"Pmin_ref_seq_7346"	3.09148876363754	2.38279452137972	1	-1
"Pmin_ref_seq_2855"	3.08383629988083	2.37603109474393	1	-1
"Pmin_ref_seq_5763"	3.03375450479977	2.33168409936054	1	-1
"Pmin_ref_seq_182"	3.01610399116881	2.31687283560309	1	-1
"Pmin_ref_seq_6358"	3.01471202551154	2.31591603479375	1	-1
"Pmin_ref_seq_6445"	3.01424185771311	2.31588059624274	1	-1
"Pmin_ref_seq_9947"	2.99090525708104	2.29406213017695	1	0
"Pmin_ref_seq_4581"	2.90371673404641	2.21678018453405	1	-1
"Pmin_ref_seq_9365"	2.88354910555904	2.19950536715415	1	0
"Pmin_ref_seq_3631"	2.88270074391111	2.19907722274453	1	-1
"Pmin_ref_seq_8226"	2.85445842215404	2.17376509174007	1	-1
"Pmin_ref_seq_79"	2.82005237193208	2.14330436874955	1	-1
"Pmin_ref_seq_2878"	2.81558899038014	2.13966703496334	1	-1
"Pmin_ref_seq_3830"	2.80055340873753	2.12566180844674	1	-1
"Pmin_ref_seq_2120"	2.79707438140629	2.12238855912546	1	-1
"Pmin_ref_seq_8725"	2.79129943227623	2.11723035965915	1	-1
"Pmin_ref_seq_9925"	2.77863991293859	2.10662036975954	1	0
"Pmin_ref_seq_1432"	2.77490644827016	2.10357800144023	1	-1
"Pmin_ref_seq_6634"	2.7499801038988	2.08324450822592	1	0
"Pmin_ref_seq_9570"	2.7459091565455	2.0797791307805	1	-1
"Pmin_ref_seq_5063"	2.74137793250109	2.07585263342731	1	0
"Pmin_ref_seq_8378"	2.73674328901104	2.07182187575679	1	0
"Pmin_ref_seq_672"	2.72595911312955	2.06224295823045	1	0
"Pmin_ref_seq_8603"	2.71975033514635	2.05724703794665	1	-1
"Pmin_ref_seq_4369"	2.71630909048635	2.05579070047656	1	0
"Pmin_ref_seq_8827"	2.71658209662202	2.05579070047656	1	0
"Pmin_ref_seq_4150"	2.70361745133563	2.04429217878478	1	-1
"Pmin_ref_seq_6454"	2.69040324141578	2.03266371040543	1	0
"Pmin_ref_seq_2583"	2.65531980439162	2.0009308714358	1	0
